weekEnding,year,weekno,ne,enc,c,se,wnc,s,sw,nw,w,nat,neAnom,encAnom,cAnom,seAnom,wncAnom,sAnom,swAnom,nwAnom,wAnom,natAnom
20130105,2013,1,21.96,15.75,27.13,45.08,17.32,36.94,23.87,21.17,31.17,27.34,-1.31,1.12,-2.68,-0.43,0.08,-4.43,-7.47,-7.16,-6.97,-3.38
20130112,2013,2,30.12,28.08,41.03,54.45,24,47.24,29.22,27.88,34.25,35.76,7.97,14.57,12.12,9.41,7.33,6.25,-2.31,-0.71,-4.13,5.43
20130119,2013,3,32.03,19,33.26,54.96,20.71,39.03,23.68,21.73,31.28,30.75,10.38,5.81,4.75,10.15,3.87,-2.16,-8.29,-7.4,-7.66,0.33
20130126,2013,4,13.89,5.16,24.67,44.47,20.92,47.65,37.98,28.78,42.56,31.84,-7.47,-8.47,-4.29,-0.73,3.33,5.91,5.28,-1.04,2.82,0.86
20130202,2013,5,27.31,17.9,36.48,50.31,21.81,51.14,35.47,34.62,41.52,36.34,5.52,3.03,6.55,4.53,2.83,8.33,1.68,3.78,0.85,4.33
20130209,2013,6,19.59,16.39,34.86,48.73,29.91,52.14,38.33,34.5,42.51,37.35,-3.01,-0.33,3.46,2.11,9.09,7.83,3.25,2.46,0.62,3.95
20130216,2013,7,29.23,23.42,37.07,50.52,25.78,46.07,31.74,35.72,41.24,36.2,5.4,4.58,3.92,2.79,2.99,0.17,-4.71,2.41,-1.71,1.27
20130223,2013,8,24.3,16.14,30.41,45.16,21.58,45.36,33.8,32.49,39.78,33.19,-1.25,-5.03,-4.81,-4.05,-3.29,-2.35,-4.09,-2.21,-4.19,-3.47
20130302,2013,9,32.36,23.51,33.47,48.56,27.19,43.11,33.2,35.75,43.9,35.95,4.72,-0.23,-4.07,-2.34,0.21,-6.51,-6.23,-0.39,-1.07,-2.57
20130309,2013,10,32.65,22.95,34.66,45.33,28.8,51.43,42.66,36.5,45.66,39.09,2.54,-3.59,-5.31,-7.4,-0.41,-0.18,1.63,-1.11,-0.27,-1.4
20130316,2013,11,35.29,26.18,42.04,52.89,33.06,53.62,47.28,44.59,53.49,44.1,2.7,-3.23,-0.38,-1.63,1.6,0.06,4.72,5.57,6.52,1.66
20130323,2013,12,27.43,18.91,35.27,52.28,24.58,54.5,45.25,35.82,49.77,39.77,-7.64,-13.46,-9.51,-3.84,-9.26,-0.88,1.18,-4.59,1.8,-4.6
20130330,2013,13,36.82,31.77,38.46,48.45,31.95,50.66,45.46,43.58,52.83,42.74,-0.7,-3.64,-8.57,-9.16,-4.33,-6.47,-0.18,1.82,3.76,-3.55
20130406,2013,14,36.28,32.5,44.51,56.72,40.96,56.17,51.61,49.49,54.52,48.13,-3.76,-6,-4.76,-2.34,2.15,-2.71,4.46,6.44,4.27,-0.09
20130413,2013,15,46.93,36.11,56.94,66.66,32.44,61.05,46.78,42.32,53.34,49.54,4.35,-5.48,5.5,6.13,-8.9,0.5,-1.99,-2.11,1.83,-0.62
20130420,2013,16,49.84,36.04,55.68,66.26,30.8,61.3,45.7,39.66,49.6,48.63,4.61,-8.65,2.02,4.15,-13.04,-1.08,-4.81,-6.28,-3.34,-3.56
20130427,2013,17,44.06,41.61,50.22,58.2,39.57,58.23,51.46,46.51,57.4,50.26,-3.81,-6.09,-5.64,-5.6,-6.78,-5.98,-0.97,-1,2.91,-4
20130504,2013,18,54.82,49.93,59.92,64.32,44.72,62.83,56.7,48.87,62.51,56.25,4.27,-0.71,1.87,-1.27,-4.12,-3.3,2.27,-0.38,6.3,-0.15
20130511,2013,19,58.77,53.55,60.36,64.35,52.42,64.46,56.41,60.64,59.92,59.04,5.56,0.05,0.11,-3.06,1.11,-3.61,-0.15,9.64,1.86,0.49
20130518,2013,20,52.51,57.35,63.06,67.57,60.96,71.7,65.93,56.59,65.5,63.77,-3.19,1.16,0.6,-1.63,7.26,1.72,7.16,3.96,5.74,3.11
20130525,2013,21,60.12,57.51,66.24,72.65,54.97,74.3,63.22,49.81,59.91,63.18,2.12,-1.13,1.62,1.76,-1.01,2.4,2.19,-4.43,-1.7,0.46
20130601,2013,22,62.93,61.5,69.95,73.29,57.28,77.66,65.29,52.32,63.14,65.91,2.81,0.59,3.14,0.75,-0.94,3.87,1.9,-3.42,-0.34,1.15
20130608,2013,23,61.92,55.89,65.86,75.38,57.18,74.49,70.29,61.99,72.92,66.92,-0.19,-7.08,-3.07,1.25,-3.18,-1.14,4.54,4.76,7.59,0.2
20130615,2013,24,63.02,65.06,72.54,77.95,64.13,80.39,75,59.04,69.96,71.04,-0.91,0.24,1.77,2.43,1.79,3.19,7.14,0.23,2.83,2.54
20130622,2013,25,64.6,67.78,74.01,76.62,65.36,80.57,72.53,57.88,66.74,70.88,-1.16,1.18,1.27,-0.7,2.21,1.86,2.86,-0.71,-1.8,0.97
20130629,2013,26,71.81,71.53,76.73,79.18,68.9,84.25,75.95,63.73,72.98,74.92,4.65,3.55,2.82,0.97,3.78,4.55,4.69,3.06,2.45,3.54
20130706,2013,27,74.08,69.05,71.24,77.18,71.24,77.03,77.09,73.14,81.44,74.78,5.81,0,-3.48,-1.65,4.25,-3.41,4.46,10.24,8.93,2.12
20130713,2013,28,72.67,72.11,75.81,78.49,72.13,84.04,77.41,68.16,76,76.16,3.58,2.33,0.53,-0.78,3.64,3.02,3.78,3.41,1.92,2.51
20130720,2013,29,78.14,76.18,79.67,79.75,71.83,78.57,74.64,70.8,76.68,76.16,8.57,5.98,4.03,0.2,2.36,-2.9,0.46,4.81,1.63,1.88
20130727,2013,30,67.98,64.92,72.25,78.43,68.4,80.79,75.49,72.6,77.58,73.94,-1.75,-5.37,-3.55,-1.23,-1.58,-0.99,1.19,5.96,2.15,-0.62
20130803,2013,31,67.4,63.76,69.84,78.27,65.91,81.89,75.18,67.38,73.86,72.56,-2.17,-6.3,-5.89,-1.34,-4.06,-0.06,1.19,0.71,-1.35,-1.94
20130810,2013,32,66.99,64.76,73.35,79.6,67.62,83.43,73.76,72.18,73.47,73.83,-2.1,-4.72,-2.04,0.23,-1.81,1.57,0.45,5.96,-1.12,-0.25
20130817,2013,33,64.26,63.18,68.64,76.5,67.81,78.81,73.47,70.56,74.11,71.79,-4.02,-5.36,-6.05,-2.4,-0.53,-2.54,1.08,5.15,0.37,-1.5
20130824,2013,34,68.14,70.77,73.51,76.97,72.21,80.26,74.95,69.77,75.18,74.4,1,3.57,-0.12,-1.24,5.52,-0.15,3.72,5.53,2.52,2.26
20130831,2013,35,69.94,75.16,77.85,77.17,74.5,82.17,73.04,68.42,73.12,75.5,4.27,9.67,5.65,-0.12,10.02,3.13,3.23,5.71,1.73,4.87
20130907,2013,36,65.25,65.95,71.93,78.14,71.33,81.42,74.57,66.58,73.82,73.42,1.37,2.51,1.51,2.01,9.52,4.12,6.42,5.72,3.92,4.62
20130914,2013,37,64.34,65.57,73.3,76.89,65.49,79.34,67.35,67.66,71.48,70.92,2.54,4.42,4.93,2.22,6.45,4,1.12,8.84,3.3,4.18
20130921,2013,38,56.61,58.22,66.41,72.61,59.69,75.9,67.34,60.35,67.89,66.24,-2.85,-0.45,0.34,-0.29,3.41,2.67,3.28,3.73,1.65,1.74
20130928,2013,39,54.95,59.47,63.58,69.43,55.46,72.81,60.97,52.12,59.69,62.1,-1.91,3.47,0.06,-1.4,1.95,1.85,-0.67,-2.14,-4.37,0.04
20131005,2013,40,60.26,58.94,68.56,71.14,49.87,73.15,57.82,49.16,60.07,61.59,6.25,5.82,7.83,2.67,-0.88,4.61,-1.16,-2.59,-1.6,2.14
20131012,2013,41,55.88,56.31,60.05,68.2,49.08,66.16,54.4,48.29,56.04,57.6,4.65,6.15,2.09,2.11,1.19,0.08,-1.82,-0.89,-3.12,0.81
20131019,2013,42,54.97,45.47,55.59,67.34,40.81,61.35,49.6,46.05,55.17,52.96,6.31,-1.69,0.26,3.46,-4.11,-2.28,-3.87,-0.54,-1.45,-1.18
20131026,2013,43,43.79,37.83,44.92,57.34,42.82,57.37,52.32,50.11,58.22,50.13,-2.54,-6.28,-7.94,-4.45,1.02,-3.83,1.61,6.11,4.2,-1.39
20131102,2013,44,45.36,40.93,52.19,62.79,37.68,62.1,49.19,42.58,50.39,50.1,1.15,-0.08,1.67,2.92,-0.88,3.33,1.25,1.18,-0.99,1.19
20131109,2013,45,39.6,37.72,47.06,55.98,35.46,54.81,45.73,38.7,49.96,45.73,-2.57,-0.13,-1.15,-2.03,0.19,-1.53,0.53,-0.15,1.19,-0.57
20131116,2013,46,37.04,33.97,40.77,51.95,36.07,51.57,48.27,41.4,52.53,44.51,-2.86,-0.61,-4.93,-4.15,4,-2.32,5.72,4.99,6.2,0.82
20131123,2013,47,38.61,31.18,44.23,59.04,26.97,53.81,42.52,34.91,46.09,42.51,1.22,-0.01,1.24,4.94,-1.99,2.43,2.52,0.77,2.05,1.43
20131130,2013,48,25.45,21.07,29.07,43.7,28.77,38.88,37.54,35.03,45.6,34.55,-9.18,-6.6,-10.97,-8.33,2.8,-9.96,0.01,3.04,3.65,-3.91
20131207,2013,49,35.17,20.96,38.96,57.56,12.52,45.22,32.94,24.16,36.46,33.8,3.46,-3.2,1.94,7.61,-10.65,-1.14,-2.31,-5.9,-3.62,-2.13
20131214,2013,50,21.19,6.45,24.84,48.04,11.34,35.1,26.52,20.51,31.3,25.61,-7.88,-14.7,-9.61,-0.14,-9.66,-9.25,-6.99,-8.17,-7.4,-8.27
20131221,2013,51,24.33,15.16,36.88,50.11,23.11,48.08,36.64,30.78,40.92,35.37,-2.47,-3.6,4.41,3.31,3.55,5.14,4.22,2.85,3.05,2.94
20131228,2013,52,28.66,15.06,31.68,49.67,22.5,39.67,33.75,33,43.31,33.36,3.76,-1.94,0.59,3.88,3.66,-2.45,1.76,5.17,5.71,1.79
20140104,2014,1,16.54,3.4,25.14,44.15,18.69,38.82,35.28,32.8,43.86,29.93,-6.83,-12.45,-5.16,-1.01,-0.15,-3.06,3.12,4.47,6,-1.35
20140111,2014,2,20.92,4.57,22.43,41.79,16.89,37.38,32.32,32.8,43.59,28.8,-1.39,-10.66,-7.53,-3.09,-2.3,-4.62,-0.33,3.74,5.22,-2.56
20140118,2014,3,33.53,21.39,32.66,45.27,30.84,46.15,37.98,36.87,46.51,37.57,11.77,6.33,2.67,0.35,11.23,3.81,4.78,7.18,7.61,5.95
20140125,2014,4,12.96,9.13,21.39,37.65,26.33,40.03,36.55,32.51,46.72,31.01,-8.79,-6.23,-8.98,-7.63,6.23,-2.88,2.75,2.27,7.3,-1.07
20140201,2014,5,16.67,5.1,22.05,38.39,16.59,39.26,37.23,32.08,45.24,29.3,-5.59,-11.02,-9.05,-7.56,-4.05,-4.42,2.79,1.4,5.29,-3.41
20140208,2014,6,20.39,3.36,20.47,49.3,3.66,31.39,28.95,21.89,38.34,24.17,-2.82,-13.96,-11.72,2.39,-17.68,-13.28,-6.24,-9.25,-2.21,-9.4
20140215,2014,7,16.34,5.99,20.41,43.16,20.31,40.27,43.59,36.84,51.5,32.26,-8.1,-12.95,-13.2,-4.89,-2.19,-5.65,7.38,4.95,10.17,-2.46
20140222,2014,8,25.83,21.92,39.26,54.49,30.08,55.49,45.89,36.64,48.68,41.65,-0.08,0.94,3.91,5.11,5.94,8.05,8.4,3.66,6.36,5.46
20140301,2014,9,19.36,4.09,27.54,48.88,11.37,46.26,45.1,37.72,49.86,33.45,-8.27,-19.36,-9.9,-1.99,-14.9,-2.98,6.04,3.31,6.34,-4.53
20140308,2014,10,17.87,10.63,28.32,47.23,22.47,40.45,44.44,41.71,50.51,34.75,-11.72,-15.62,-11.46,-5.27,-6.28,-10.76,3.63,5.65,5.66,-5.23
20140315,2014,11,30.57,30.18,43.96,54.82,39.39,53.8,46.14,42.89,51.74,45.1,-1.24,0.97,1.79,0.69,8.13,0.63,3.63,5.31,5.64,3.09
20140322,2014,12,28.85,26.73,41.58,53.63,33.68,53.73,46.1,39.25,51.46,43.11,-5.41,-5.57,-3.01,-2.1,-0.04,-1.33,1.95,0.32,4.23,-0.89
20140329,2014,13,27.35,23.4,37.54,51.76,31.13,53.26,47.92,42.16,51.04,42.12,-9.63,-12.1,-9.5,-5.56,-5,-3.64,2.23,2.04,2.82,-3.84
20140405,2014,14,39.78,34.91,50.33,61.95,34.21,61.12,47.14,41.22,46.15,47.48,-0.13,-3.9,0.83,3.07,-4.29,2.42,-0.02,0.06,-2.99,-0.43
20140412,2014,15,44.2,44.79,53.14,61.4,46.35,60.75,54.01,49.83,59.26,53.47,1.39,2.76,1.25,0.92,5.49,0.24,5.29,7.53,9.05,3.6
20140419,2014,16,44.86,37.22,51.51,59.98,39.25,57.09,51.29,46.63,58.38,50.05,-0.69,-7.82,-2.64,-2.16,-3.97,-5.29,0.81,2.97,6.82,-1.83
20140426,2014,17,47.58,46.63,57.95,64.56,50.07,67.89,57.3,45.2,54.89,56.24,-0.53,-1.23,1.64,0.7,4.5,3.58,4.89,-0.03,1.68,2.31
20140503,2014,18,48.51,44.38,56.72,67.2,44.78,63.05,51.36,50.97,59.24,54.54,-1.98,-6.1,-1.61,1.57,-3.13,-3.24,-3.19,3.92,4.08,-1.5
20140510,2014,19,54,52.56,66.46,71.27,48.21,72.78,58.41,48.61,56.74,59.89,1.22,-0.4,6.13,3.83,-2.01,4.5,1.64,-0.32,-0.49,1.74
20140517,2014,20,60.97,49.61,60.88,70.61,46.08,65.01,54.87,55.88,63.63,58.35,5.91,-5.81,-1.52,1.37,-6.38,-5.22,-4.14,5.22,4.42,-1.89
20140524,2014,21,56.73,59.25,64.77,70.4,59.29,73.74,63.42,56.78,61.05,64.03,-0.61,1.39,0.22,-0.62,4.65,1.61,2.2,4.54,-0.04,1.75
20140531,2014,22,60.74,67.9,72.02,74.89,65.01,74.52,67.31,56.34,67.59,68.31,1.13,7.65,5.24,2.11,8.24,0.54,3.88,2.68,4.71,4.02
20140607,2014,23,63.8,65.96,71.83,74.98,60.08,79.23,70.93,60.69,68.92,69.42,1.98,3.37,2.82,0.49,1.23,3.49,5.33,5.69,4.31,3.19
20140614,2014,24,65.28,61.42,68.07,77.03,58.45,75.23,69.84,59.35,71.68,67.92,1.46,-3.22,-2.89,1.07,-2.43,-2.05,2.23,2.82,5.27,-0.12
20140621,2014,25,66.12,68.01,76.5,79.39,61.96,80.4,68.93,55.43,66.55,70.23,0.59,1.63,3.95,2.22,-0.92,1.85,-0.49,-2.88,-1.72,0.54
20140628,2014,26,68.5,68.78,75.7,78.92,64.76,78.61,72.69,62.44,71.33,71.94,1.53,0.97,1.94,0.83,-0.07,-0.97,1.65,2.09,1.09,0.76
20140705,2014,27,72.24,66.59,72.64,79.16,66.07,79.24,75,67.21,77.03,73.24,4.11,-2.33,-1.98,0.4,-0.67,-1.11,2.54,4.62,4.79,0.74
20140712,2014,28,70.13,68.28,73.99,78.94,70.27,80.78,75.71,73.09,77.52,74.94,1.14,-1.41,-1.23,-0.28,1.96,-0.17,2.2,8.57,3.63,1.41
20140719,2014,29,68.88,63.77,69.44,77.47,66.69,76.38,74.91,73.62,78.5,72.51,-0.64,-6.39,-6.17,-2.05,-2.67,-5.03,0.78,7.76,3.55,-1.71
20140726,2014,30,69.55,70.04,72.98,78.69,72.19,81.87,78.06,66.03,75.86,75.03,-0.18,-0.26,-2.81,-0.97,2.26,0.13,3.75,-0.55,0.45,0.48
20140802,2014,31,66.88,65.83,70.14,76.92,68.52,78.08,73.43,73.6,78.61,72.98,-2.74,-4.28,-5.62,-2.72,-1.48,-3.86,-0.63,6.89,3.34,-1.55
20140809,2014,32,67.95,68.14,73.02,78.52,69.48,81.31,72.12,70.62,72.8,73.5,-1.23,-1.45,-2.45,-0.9,-0.06,-0.59,-1.31,4.3,-1.9,-0.65
20140816,2014,33,65.1,65.89,70.59,77.15,70.07,80,72.87,68.92,74.02,72.68,-3.32,-2.8,-4.22,-1.84,1.54,-1.45,0.33,3.38,0.14,-0.74
20140823,2014,34,66.32,69.55,76.73,80.61,67.91,83.08,71.25,66.59,72.69,73.73,-1,2.14,2.93,2.29,0.95,2.5,-0.16,2.16,-0.14,1.4
20140830,2014,35,67.19,67.55,77.4,77.7,62.51,81.77,69.17,65.16,72.19,71.86,1.29,1.79,4.97,0.27,-2.32,2.5,-0.86,2.21,0.6,0.99
20140906,2014,36,72,66.45,75.68,80.67,60.72,80.22,70.8,60.35,72.86,71.5,7.86,2.7,4.99,4.35,-1.49,2.66,2.4,-0.79,2.74,2.42
20140913,2014,37,60.89,55.83,65.82,77.43,52.37,74.11,66.23,60.33,71.56,65.4,-1.22,-5.66,-2.87,2.53,-7.06,-1.52,-0.29,1.21,3.11,-1.65
20140920,2014,38,54.24,55.48,61.92,73.95,59.3,74.13,68.51,65,73.21,66.16,-5.57,-3.56,-4.49,0.78,2.63,0.58,4.12,8.06,6.68,1.33
20140927,2014,39,58.94,60.55,64.05,69.58,63.69,72.06,68.16,61.61,67.8,66.15,1.69,4.16,0.15,-1.56,9.79,0.76,6.16,7.01,3.41,3.73
20141004,2014,40,59.95,53.98,63.75,71.29,50.94,71.11,58.78,54.65,62.27,61.24,5.53,0.44,2.62,2.48,-0.2,2.22,-0.59,2.54,0.25,1.41
20141011,2014,41,51.55,45.32,56.42,67.38,51.62,70.16,60.05,59.28,66.62,59.75,-0.06,-5.27,-1.93,0.95,3.31,3.73,3.43,9.74,7.11,2.58
20141018,2014,42,57.48,49.55,57.9,67.44,50.08,64.14,57.01,51.96,61.34,57.75,8.47,1.97,2.2,3.26,4.73,0.17,3.15,5,4.35,3.23
20141025,2014,43,47.79,48.9,52.97,60.38,53.37,65.52,59.34,50.99,60.08,56.83,1.14,4.35,-0.23,-1.7,11.11,3.98,8.24,6.62,5.69,4.94
20141101,2014,44,47.17,41.85,51.65,60.71,43.19,61.96,55.29,46.77,55.46,52.51,2.67,0.39,0.8,0.57,4.16,2.84,6.95,5,3.7,3.23
20141108,2014,45,41.6,40.28,46.2,53.43,42.91,55.97,48.81,45.83,52.33,48.34,-0.87,1.96,-2.35,-4.85,7.18,-0.72,3.22,6.63,3.2,1.66
20141115,2014,46,39.32,25.29,37.03,51.32,16.08,42.97,42.36,30.92,51.5,36.96,-0.92,-9.77,-9.05,-5.05,-16.44,-11.27,-0.57,-5.83,4.84,-7.1
20141122,2014,47,27.67,17.7,29.13,44.83,22.33,43.36,36.49,29.17,45.38,33.71,-10.09,-13.98,-14.26,-9.56,-7.07,-8.38,-3.87,-5.28,1.02,-7.74
20141129,2014,48,36.35,23.94,39.08,51.67,30.14,50.01,41.99,41.72,48.88,41.03,1.31,-4.24,-1.39,-0.66,3.76,0.8,4.12,9.44,6.64,2.2
20141206,2014,49,32.56,19.95,40.3,57.06,21.98,50.82,43.64,32.55,48.51,39.44,0.44,-4.7,2.87,6.83,-1.56,4.13,8.09,2.25,8.18,3.17
20141213,2014,50,29.34,28.69,36.24,46.11,36.12,50.35,44.05,41.43,47.93,41.35,-0.09,7.15,1.46,-2.3,14.86,5.74,10.33,12.59,9.07,7.21
20141220,2014,51,32.27,28.75,37.01,47.55,26.44,47.6,35.95,35,41.73,37.51,5.17,9.68,4.29,0.57,6.71,4.49,3.4,6.99,3.77,4.9
20141227,2014,52,36.75,32.52,41.56,51.64,26.59,46.62,34.48,35.46,43.4,38.78,11.61,15.31,10.3,5.73,7.69,4.42,2.47,7.66,5.8,7.12
20150103,2014,53,26.32,13.5,30.69,51.24,11.01,35.84,23.45,21.59,33.68,27.38,2.75,-2.47,0.31,6.01,-7.8,-6.04,-8.65,-6.64,-4.12,-3.91
20150110,2015,1,16.34,2.13,19.63,41.75,11.6,32.65,34.62,35.49,46.03,27.07,-6.1,-13.16,-10.36,-3.15,-7.53,-9.32,2.04,6.53,7.74,-4.26
20150117,2015,2,16.53,14.31,27.93,44.23,22.1,39.35,37.21,33.78,44.91,32.22,-5.28,-0.75,-2.04,-0.67,2.55,-2.94,4.09,4.17,6.09,0.65
20150124,2015,3,24.48,28.2,37.06,49.32,31.36,46.01,35.95,34.93,45.06,37.93,2.76,12.91,6.77,4.11,11.34,3.2,2.25,4.77,5.72,5.93
20150131,2015,4,17.24,23.76,32.6,43.53,35.87,50.33,41.73,38.92,47.7,38.99,-4.91,7.78,1.63,-2.3,15.32,6.77,7.38,8.3,7.83,6.38
20150207,2015,5,14.42,11.23,28.46,44.21,25.07,42.99,44.45,41.12,51.48,35.24,-8.64,-5.89,-3.56,-2.54,3.85,-1.53,9.38,10.07,11.03,1.81
20150214,2015,6,16.29,15.97,31.44,46.07,33.01,51.18,46.66,44.11,51.97,39.62,-7.97,-2.71,-1.95,-1.81,10.7,5.45,10.62,12.35,10.77,5.07
20150221,2015,7,6.9,4.15,13.85,34.64,23.67,42.9,41.92,40.17,50.77,31.03,-18.79,-16.51,-21.24,-14.54,-0.2,-4.31,4.63,7.37,8.61,-4.93
20150228,2015,8,12.76,4.72,19.88,43.6,15.46,33.37,32.43,35.97,44.03,27.57,-14.61,-18.35,-17.25,-7.05,-10.47,-15.59,-6.39,1.78,0.7,-10.13
20150307,2015,9,18.61,14.59,28.16,51.56,22.94,41.47,37.02,37.35,44.8,33.89,-10.69,-11.25,-11.28,-0.7,-5.46,-9.46,-3.54,1.53,0.13,-5.81
20150314,2015,10,32.32,40.8,46.67,59.93,44.61,54.71,47.83,47.78,54.42,48.74,0.85,12.01,4.84,6.03,13.71,1.82,5.55,10.41,8.48,7.01
20150321,2015,11,30.34,39.36,47.68,61.59,43.99,58.63,50.62,47.39,57.4,50.03,-3.56,7.51,3.43,6.09,10.63,3.84,6.71,8.64,10.33,6.31
20150328,2015,12,29.27,29.56,43.23,58.53,41.08,59.12,51.54,46.06,55.83,47.9,-7.3,-5.48,-3.46,1.44,5.29,2.47,6.07,6.1,7.75,2.22
20150404,2015,13,36.9,42.3,50.63,60.03,44.35,64.79,53.03,43.52,53.98,51.75,-2.59,3.97,1.48,1.37,6.18,6.35,6.08,2.5,4.98,4.12
20150411,2015,14,40.52,41.49,57.46,67.17,41.74,65.59,51.14,42.72,48.94,52.26,-1.89,-0.09,5.91,6.92,1.21,5.34,2.65,0.6,-1.1,2.67
20150418,2015,15,50.51,52.96,60.16,66.89,47.73,64.88,48.76,45.17,53.99,55.2,5.33,8.34,6.32,4.99,4.85,2.77,-1.45,1.72,2.65,3.61
20150425,2015,16,44.76,41.72,52.73,65.26,45.36,64.2,52.37,48.87,56.09,53.48,-2.99,-5.74,-3.28,1.65,0.13,0.17,0.24,3.87,3.14,-0.16
20150502,2015,17,49.68,50.92,53.63,62.59,51.76,63.08,55.43,51.27,61.28,56.26,-0.49,0.81,-4.42,-2.79,4.19,-2.92,1.2,4.49,6.41,0.52
20150509,2015,18,61.78,59.31,68.55,69.27,50.73,70.95,55.32,52.11,57.46,60.92,9.33,6.7,8.51,2.08,0.85,2.95,-1.14,3.44,0.52,3.06
20150516,2015,19,60.85,52.2,64.84,73.74,49.24,68.76,53.49,51.4,55.36,59.17,6.12,-2.87,2.74,4.76,-2.91,-1.2,-5.2,0.98,-3.57,-0.78
20150523,2015,20,58.22,53.42,62.13,73.63,48.95,68.11,54.19,56.4,56.17,59.24,1.21,-4.08,-2.11,2.86,-5.39,-3.75,-6.71,4.37,-4.66,-2.75
20150530,2015,21,68.02,62.85,71.01,74.7,56.78,72.26,59.54,59.55,64.31,65.37,8.73,2.93,4.55,2.17,0.3,-1.46,-3.57,6.09,1.67,1.37
20150606,2015,22,58.33,59.63,65.87,74.21,62.22,74.94,66.79,60.91,65.56,66.53,-3.2,-2.63,-2.84,-0.05,3.66,-0.55,1.48,6.11,1.2,0.57
20150613,2015,23,66.61,66.01,75.45,77.89,66.53,79.49,67.36,67.27,71.29,71.55,3.06,1.64,4.75,2.12,5.94,2.42,0.03,10.98,5.14,3.76
20150620,2015,24,66.85,64.9,75.94,82.32,63.65,78.76,72.57,64.48,73.87,72.1,1.54,-1.25,3.6,5.3,1.06,0.38,3.4,6.45,5.88,2.64
20150627,2015,25,66.96,67.26,75.36,81.93,68.09,81.03,75.46,69.39,75.95,74.32,0.17,-0.36,1.75,3.95,3.53,1.58,4.63,9.35,6,3.34
20150704,2015,26,64.23,65.08,70.63,77.4,72.13,79.62,75.86,76.94,79.72,74.42,-3.75,-3.69,-3.88,-1.28,5.65,-0.63,3.58,14.66,7.75,2.1
20150711,2015,27,69.84,66.13,72.92,80.28,66.66,79.43,69.79,70.36,71.03,72.31,0.95,-3.47,-2.22,1.11,-1.45,-1.45,-3.6,6.08,-2.66,-1.09
20150718,2015,28,68.93,71.54,77.44,81.24,70.31,83.88,72.57,65.85,72.73,74.84,-0.54,1.42,1.88,1.76,1.06,2.52,-1.5,0.15,-2.1,0.7
20150725,2015,29,70,70.2,76.01,81.8,70.47,84.01,72.17,67.49,72.11,74.78,0.28,-0.1,0.23,2.15,0.59,2.31,-2.14,0.97,-3.27,0.26
20150801,2015,30,72.84,72.37,77.82,81.31,69.13,83.75,73.32,67.52,75.01,75.43,3.18,2.21,2.04,1.66,-0.89,1.83,-0.8,0.8,-0.33,0.88
20150808,2015,31,68.23,67.5,74.36,80.37,68.73,83.98,73.49,68.1,73.42,74.21,-1.03,-2.19,-1.17,0.91,-0.92,2.06,-0.04,1.7,-1.38,-0.02
20150815,2015,32,68.66,71.57,74.05,79.03,73.27,83.17,74.34,70.37,74.12,75.34,0.11,2.72,-0.89,-0.03,4.56,1.63,1.65,4.69,0.11,1.79
20150822,2015,33,73.2,66.68,72.55,79.52,62.16,78.92,73.46,66.18,75.94,72.26,5.71,-0.94,-1.42,1.09,-5.06,-1.81,1.88,1.57,2.95,-0.24
20150829,2015,34,66.64,60.81,67.65,76.82,66.04,78.25,72.24,68.04,75.91,71.06,0.52,-5.21,-5,-0.76,0.87,-1.23,2.01,4.86,4.13,-0.04
20150905,2015,35,71.25,72.6,77.06,78.68,69.17,80.76,70.73,57.87,69.12,72.78,6.84,8.55,6.1,2.19,6.58,2.93,2.08,-3.54,-1.23,3.44
20150912,2015,36,70.4,64.47,72.93,77.5,60.37,79.59,69.4,61.98,72.33,70.36,7.98,2.64,3.95,2.38,0.54,3.67,2.6,2.56,3.63,3.01
20150919,2015,37,65.42,64.6,66.88,70.77,60.37,76.64,66.92,55.74,66.05,66.82,5.27,5.2,0.12,-2.66,3.31,2.79,2.21,-1.53,-0.77,1.66
20150926,2015,38,58.92,62.81,65.99,71.95,62.76,75.24,66.68,60.41,71.37,67.23,1.29,6.03,1.72,0.5,8.46,3.61,4.33,5.46,6.67,4.46
20151003,2015,39,56.38,55.09,62.25,70.71,56.59,70.95,66.97,57.26,66.99,63.55,1.54,1.14,0.71,1.55,5.05,1.71,7.22,4.78,4.62,3.34
20151010,2015,40,52.81,52.84,62.51,68.08,54.47,68.61,59.11,58.44,64.31,60.9,0.81,1.83,3.77,1.32,5.75,1.83,2.1,8.53,4.44,3.35
20151017,2015,41,50.92,50.37,56.52,65.16,52.35,69.65,62.35,57.08,67.35,60.16,1.55,2.35,0.45,0.67,6.57,5.33,8.09,9.75,10,5.26
20151024,2015,42,45.15,50.8,57.47,61.04,49.74,66.7,54.39,50.51,57.6,56.05,-1.82,5.82,3.92,-1.33,7.03,4.82,2.89,5.77,2.83,3.79
20151031,2015,43,45.65,44.18,51.72,64.54,42.58,60.51,50.68,47.66,57.18,52.2,0.85,2.28,0.54,4.13,3.08,1.05,1.95,5.52,5.05,2.55
20151107,2015,44,52.48,50.18,58.18,69.07,42.15,63.03,46.63,40.91,48.3,52.72,9.7,11.41,9.3,10.52,5.95,5.99,0.65,1.34,-1.21,5.67
20151114,2015,45,44.11,42.12,47.37,58.92,39.01,56.51,42.13,39.29,44.46,46.61,3.54,6.59,0.93,2.27,6.04,1.92,-1.17,2.2,-2.55,2.17
20151121,2015,46,42.56,40.09,48.5,59.23,33.23,55.12,40.49,36.34,45.77,44.98,4.44,7.92,4.71,4.55,3.39,3.02,-0.22,1.57,1.09,3.15
20151128,2015,47,37.71,29.93,43.14,53.27,25.25,50.09,38.38,28.29,40.25,39.06,2.27,1.24,2.23,0.65,-1.56,0.53,0.15,-4.29,-2.28,-0.14
20151205,2015,48,36,31.46,40.78,56.12,26.58,45.98,34.14,28.08,39.37,37.86,3.47,6.33,2.93,5.6,2.66,-1.05,-1.72,-2.49,-1.21,1.25
20151212,2015,49,39.75,37.65,47.29,55.81,37.08,55.31,41.71,39.42,45.74,45.2,9.97,15.7,12.17,7.17,15.53,10.44,7.77,10.42,6.7,10.8
20151219,2015,50,42.09,31.56,44.72,57.6,23.17,47.76,30.19,31,37.17,38.08,14.68,12.17,11.74,10.45,3.27,4.48,-2.49,2.92,-0.89,5.29
20151226,2015,51,42.61,30.44,47.92,61.77,21.99,55.08,33.71,28.29,37.24,40.22,17.21,13,16.49,15.73,3.02,12.78,1.67,0.49,-0.38,8.47
20160102,2015,52,33.54,21.44,39.19,61.49,13.96,40.26,23.84,19.58,29.72,31.18,9.77,5.32,8.72,16.18,-4.82,-1.63,-8.21,-8.55,-8.02,-0.12
20160109,2016,1,24.04,23.96,34.14,44.9,19.87,42.51,31.87,29.34,37.8,32.69,1.47,8.6,4.12,-0.03,0.79,0.57,-0.63,0.48,-0.42,1.38
20160116,2016,2,26.88,9.61,28.93,45.24,19.52,42.1,29.41,30.23,38.71,30.82,5.01,-5.45,-1.02,0.36,0.03,-0.12,-3.63,0.72,-0.04,-0.7
20160123,2016,3,19.01,9.26,19.53,38.76,21.28,39.38,36.18,35.53,43.68,30.32,-2.69,-5.97,-10.69,-6.38,1.32,-3.34,2.56,5.44,4.41,-1.61
20160130,2016,4,26.88,26.41,34.55,45.3,31.39,47.45,36.58,34.47,42.65,37.38,4.82,10.55,3.69,-0.43,10.91,4.01,2.32,3.91,2.85,4.87
20160206,2016,5,36.16,25.18,40.95,53.32,25.34,46.73,28.71,30.39,36.12,36.18,13.26,8.25,9.11,6.71,4.23,2.37,-6.25,-0.59,-4.23,2.88
20160213,2016,6,20.58,13.56,25.9,40.53,30.61,46.93,41.63,38.89,49.37,36.02,-3.49,-4.87,-7.27,-7.18,8.49,1.39,5.74,7.25,8.29,1.66
20160220,2016,7,22.43,25.03,37.35,47.45,37.71,56.49,47.26,41.54,49.51,42.87,-3.04,4.67,2.53,-1.53,14.09,9.5,10.17,8.91,7.5,7.13
20160227,2016,8,32.32,31.18,40.87,53.53,34.29,50.87,42.43,38.57,49.79,42.45,5.21,8.48,4.06,3.1,8.68,2.17,3.85,4.59,6.64,5.01
20160305,2016,9,29.96,25.4,40.47,51.66,36.62,56.68,49.6,42.96,53.63,44.77,1.2,0.32,1.66,-0.17,8.9,6.28,9.51,7.58,9.33,5.61
20160312,2016,10,43.46,44.47,53.95,61.98,44,60.41,46.52,41.29,47.59,50.31,12.64,16.54,12.8,8.55,13.81,8.08,4.72,4.35,2.01,9.17
20160319,2016,11,41.91,40.82,53.45,66.14,36.16,60.05,46.02,39.36,51.28,49.08,8.73,9.86,9.9,11.1,3.5,5.79,2.57,0.99,4.52,5.93
20160326,2016,12,37.97,34.74,47.43,57.08,36.45,53.99,46.03,41.65,50.31,45.84,2.19,0.63,1.44,0.45,1.35,-2.14,1,2.02,2.5,0.71
20160402,2016,13,45.34,39.92,51.14,63.7,40,58.35,43.56,45.13,48.99,48.94,6.71,2.54,2.7,5.49,2.51,0.42,-2.98,4.4,0.24,1.86
20160409,2016,14,32.77,32.58,45.8,57.97,46.02,61.13,53.59,51.88,58.25,50.71,-8.82,-8.1,-5.07,-1.82,6.16,1.4,5.56,10.1,8.53,1.68
20160416,2016,15,41.58,45.28,52.13,59.24,46.21,63.06,51.06,48.55,53.64,52.43,-2.82,1.5,-1.07,-2.19,4,1.49,1.36,5.51,2.7,1.42
20160423,2016,16,53.27,53.35,62.14,65.55,48.17,64.96,52.65,55.5,58.7,57.37,6.23,6.67,6.74,2.44,3.61,1.49,1.09,10.97,6.23,4.32
20160430,2016,17,45.88,46.55,61.61,70,42.46,68.3,49.37,47.25,51.22,54.66,-3.62,-2.82,4.13,5.13,-4.44,2.87,-4.24,1,-3.06,-0.47
20160507,2016,18,50.15,53.45,58.08,66.71,54.76,64.18,55.09,57.46,57.52,58.16,-1.66,1.55,-1.39,0.04,5.53,-3.26,-0.73,9.33,1.17,0.91
20160514,2016,19,54.67,51.63,62.46,70.93,48.55,70.55,57.73,55.16,61.31,59.89,0.58,-2.74,0.96,2.46,-2.96,1.15,-0.33,5.22,2.94,0.54
20160521,2016,20,52.12,53.1,55.53,67.56,53.45,65.48,58.06,52.39,59.62,58.3,-4.24,-3.71,-8.09,-2.69,-0.27,-5.84,-2.21,0.81,-0.67,-3.11
20160528,2016,21,65.69,65.87,69.02,71.67,56.61,74.89,58.69,51.77,57.56,64.09,7.05,6.64,3.21,-0.35,0.74,1.69,-3.8,-1.29,-4.57,0.67
20160604,2016,22,67.98,64.41,72.91,77.45,59.71,73.8,65.82,61.14,70.59,68.28,7.09,2.81,4.83,3.67,1.75,-1.2,1.14,6.72,6.72,2.87
20160611,2016,23,61.92,65.45,71.02,76.67,68.31,77.51,72.69,65.44,71.64,71.18,-1.08,1.65,0.85,1.31,8.3,0.87,5.92,9.59,6.01,3.9
20160618,2016,24,63.67,68.49,76.78,79.78,66.55,82.39,69.75,53.6,64.15,71.03,-1.16,2.81,4.87,3.1,4.53,4.35,1.08,-3.92,-3.31,2.03
20160625,2016,25,67.91,69.97,77.4,78.29,68.37,82.4,76.88,60.4,75.66,74.2,1.52,2.74,4.11,0.55,4.36,3.22,6.51,0.95,6.28,3.64
20160702,2016,26,69.07,65.65,73.29,79.54,67.31,81.19,73.15,68.72,76.77,73.47,1.4,-2.82,-1,1.04,1.37,1.15,1.26,7.09,5.38,1.51
20160709,2016,27,70.07,69.35,75.2,82.3,68.88,84.24,75.05,63.04,72.76,74.57,1.41,-0.05,0.21,3.26,1.18,3.53,1.94,-0.73,-0.5,1.44
20160716,2016,28,72.13,69.59,76.61,81.17,66.16,83.58,75.38,61.47,72.28,74.07,2.8,-0.41,1.14,1.76,-2.81,2.35,1.46,-3.89,-2.28,0.11
20160723,2016,29,72.26,73.91,79.4,81.5,74.05,85.11,77.15,66.02,74.65,77.11,2.58,3.63,3.66,1.88,4.3,3.5,2.86,-0.33,-0.64,2.67
20160730,2016,30,74.13,71.27,78.78,83.13,70.59,82.71,77.22,72.33,79.92,77.11,4.42,1.04,2.98,3.47,0.55,0.84,3,5.6,4.51,2.52
20160806,2016,31,72.28,71.19,77.69,81.43,70.08,84.17,73.82,67.38,76.23,75.69,2.88,1.34,2.06,1.89,0.28,2.21,0.09,0.84,1.25,1.33
20160813,2016,32,73.64,70.85,78.34,81.06,68.91,83.16,73.55,65.6,74.06,75.03,4.85,1.73,3.2,1.86,-0.12,1.47,0.6,-0.32,-0.19,1.25
20160820,2016,33,73.36,69.77,75.91,82.15,67.39,78.02,72.34,72.34,77.44,74.26,5.53,1.76,1.62,3.51,-0.32,-2.98,0.42,7.39,4.14,1.42
20160827,2016,34,70.71,66.18,74.74,80.99,63.79,78.85,68.4,66.07,72.99,71.69,4.17,-0.33,1.68,3.14,-2.02,-1.03,-2.25,2.45,0.84,0.15
20160903,2016,35,69.06,66.95,74.96,79.57,68.44,78.48,70.14,64.26,72.86,72.28,4.13,2.3,3.48,2.74,5.07,0.15,1.02,2.31,2.08,2.4
20160910,2016,36,71.59,67.72,76.27,79.33,60.02,79.92,68.79,58.2,69.14,70.55,8.58,5.24,6.7,3.79,-0.6,3.45,1.43,-1.8,-0.06,2.62
20160917,2016,37,65.06,62.53,72.3,79.14,56.73,77.05,65.63,57.83,65.64,67.46,4.23,2.41,4.88,5.19,-1.12,2.59,0.3,-0.06,-1.74,1.66
20160924,2016,38,67.01,65.3,74.7,78.82,60.21,79.72,65.41,56.05,65.91,68.91,8.63,7.75,9.69,6.77,5.12,7.44,2.36,0.42,0.58,5.44
20161001,2016,39,57.56,58.18,65.42,75.48,58.77,70.42,62.52,60.71,67.9,64.65,1.9,3.4,3.07,5.64,6.44,0.48,2,7.52,4.85,3.69
20161008,2016,40,60.25,57.73,66.78,73.48,49.72,71.95,57.38,49.9,56.99,61.01,7.46,5.88,7.25,6.05,0.18,4.46,-0.42,-0.75,-3.6,2.7
20161015,2016,41,53.24,52.56,61.44,69.31,49.47,69.43,61.21,50.01,61.81,59.67,3.15,3.68,4.63,4.19,2.83,4.41,6.17,1.94,3.73,4.01
20161022,2016,42,58.38,52.44,64.16,71.04,48.69,70.1,57.44,46.9,56.98,59.2,10.75,6.58,9.91,8.08,5.09,7.52,5.15,1.42,1.46,6.18